run_date;run_time;run_subdir;folder_joint_id;folder_seq_l;folder_i_att;folder_t_att;folder_h_size;folder_ovlap;folder_schd;folder_lr;run_dir;joint_id;input_att;temporal_att;hidden_size;seq_len;overlap;global_step;epoch;custom_score;MSE;std;eval_loss;residuals;loss;csv_path
2026-05-27;00-05-24;2...seq_l=128...i_att=False...t_att=True...h_size=48...ovlap=0.05...schd=cosine...lr=0.01;2;128;False;True;48;0,05;cosine;0,01;output;2;False;True;48;128;0,05;1412;39;0,0039943344308994;0,0023282207548618;0,0005553712253458;0,0022967820055782;-0.0010611134;0,0022967820055782;multirun\2026-05-27\00-05-24\2...seq_l=128...i_att=False...t_att=True...h_size=48...ovlap=0.05...schd=cosine...lr=0.01\output\best_model_results.csv
2026-05-27;10-30-57;2...seq_l=128...i_att=False...t_att=True...h_size=48...ovlap=0.07...schd=cosine...lr=0.01;2;128;False;True;48;0,07;cosine;0,01;output;2;False;True;48;128;0,07;1436;39;0,004023544723168;0,0023451454471796;0,0005594664253294;0,002331373351626;-0.00072026893;0,002331373351626;multirun\2026-05-27\10-30-57\2...seq_l=128...i_att=False...t_att=True...h_size=48...ovlap=0.07...schd=cosine...lr=0.01\output\best_model_results.csv
2026-05-27;00-09-58;2...seq_l=128...i_att=False...t_att=True...h_size=48...ovlap=0.125...schd=cosine...lr=0.01;2;128;False;True;48;0,125;cosine;0,01;output;2;False;True;48;128;0,125;1512;40;0,0041726616909727;0,0024047754704952;0,0005892954068258;0,0024003000697121;-0.00025596775;0,0024003000697121;multirun\2026-05-27\00-09-58\2...seq_l=128...i_att=False...t_att=True...h_size=48...ovlap=0.125...schd=cosine...lr=0.01\output\best_model_results.csv
2026-05-27;00-06-57;2...seq_l=128...i_att=False...t_att=True...h_size=48...ovlap=0.25...schd=cosine...lr=0.01;2;128;False;True;48;0,25;cosine;0,01;output;2;False;True;48;128;0,25;1492;35;0,0048362023080699;0,0025299955159425;0,0007687355973757;0,002529155103151;-0.0009326717;0,002529155103151;multirun\2026-05-27\00-06-57\2...seq_l=128...i_att=False...t_att=True...h_size=48...ovlap=0.25...schd=cosine...lr=0.01\output\best_model_results.csv
2026-05-26;20-19-14;2...seq_l=128...i_att=False...t_att=True...h_size=48...ovlap=0.0...schd=cosine...lr=0.01;2;128;False;True;48;0,0;cosine;0,01;output;2;False;True;48;128;0,0;1472;43;0,0061569069512188;0,0026637837290763;0,0011643744073808;0,0026594597018427;-0.0005580342;0,0026594597018427;multirun\2026-05-26\20-19-14\2...seq_l=128...i_att=False...t_att=True...h_size=48...ovlap=0.0...schd=cosine...lr=0.01\output\best_model_results.csv
2026-05-27;00-11-36;2...seq_l=128...i_att=False...t_att=True...h_size=48...ovlap=0.5...schd=cosine...lr=0.01;2;128;False;True;48;0,5;cosine;0,01;output;2;False;True;48;128;0,5;1492;25;0,0072210624348372;0,002810627920553;0,0014701448380947;0,0028112673171563;-0.0005667134;0,0028112673171563;multirun\2026-05-27\00-11-36\2...seq_l=128...i_att=False...t_att=True...h_size=48...ovlap=0.5...schd=cosine...lr=0.01\output\best_model_results.csv
2026-05-27;00-00-38;1...seq_l=128...i_att=False...t_att=True...h_size=48...ovlap=0.125...schd=cosine...lr=0.01;1;128;False;True;48;0,125;cosine;0,01;output;1;False;True;48;128;0,125;1492;40;0,009458094718866;0,0049700601957738;0,0014960115076974;0,0049743440467864;5.218695e-05;0,0049743440467864;multirun\2026-05-27\00-00-38\1...seq_l=128...i_att=False...t_att=True...h_size=48...ovlap=0.125...schd=cosine...lr=0.01\output\best_model_results.csv
2026-05-27;10-30-57;1...seq_l=128...i_att=False...t_att=True...h_size=48...ovlap=0.07...schd=cosine...lr=0.01;1;128;False;True;48;0,07;cosine;0,01;output;1;False;True;48;128;0,07;1316;36;0,0097785660764202;0,0050334949046373;0,0015816903905943;0,005050233611837;-0.0018555007;0,005050233611837;multirun\2026-05-27\10-30-57\1...seq_l=128...i_att=False...t_att=True...h_size=48...ovlap=0.07...schd=cosine...lr=0.01\output\best_model_results.csv
2026-05-27;10-31-28;3...seq_l=128...i_att=False...t_att=True...h_size=48...ovlap=0.07...schd=cosine...lr=0.01;3;128;False;True;48;0,07;cosine;0,01;output;3;False;True;48;128;0,07;1508;41;0,0101269463775679;0,0053215688094496;0,001601792522706;0,0053130129352211;8.48923e-05;0,0053130129352211;multirun\2026-05-27\10-31-28\3...seq_l=128...i_att=False...t_att=True...h_size=48...ovlap=0.07...schd=cosine...lr=0.01\output\best_model_results.csv
2026-05-26;23-56-03;1...seq_l=128...i_att=False...t_att=True...h_size=48...ovlap=0.05...schd=cosine...lr=0.01;1;128;False;True;48;0,05;cosine;0,01;output;1;False;True;48;128;0,05;1388;38;0,010248138802126;0,0051575303077697;0,0016968694981187;0,0051889389753341;-6.199094e-05;0,0051889389753341;multirun\2026-05-26\23-56-03\1...seq_l=128...i_att=False...t_att=True...h_size=48...ovlap=0.05...schd=cosine...lr=0.01\output\best_model_results.csv
2026-05-27;00-19-05;3...seq_l=128...i_att=False...t_att=True...h_size=48...ovlap=0.125...schd=cosine...lr=0.01;3;128;False;True;48;0,125;cosine;0,01;output;3;False;True;48;128;0,125;1464;39;0,0103459926322102;0,0054639014415442;0,0016273637302219;0,005446150759235;0.0005242247;0,005446150759235;multirun\2026-05-27\00-19-05\3...seq_l=128...i_att=False...t_att=True...h_size=48...ovlap=0.125...schd=cosine...lr=0.01\output\best_model_results.csv
2026-05-27;00-14-33;3...seq_l=128...i_att=False...t_att=True...h_size=48...ovlap=0.05...schd=cosine...lr=0.01;3;128;False;True;48;0,05;cosine;0,01;output;3;False;True;48;128;0,05;1484;41;0,0104190451093018;0,0054498156532645;0,001656409818679;0,0054052849300205;0.00010202941;0,0054052849300205;multirun\2026-05-27\00-14-33\3...seq_l=128...i_att=False...t_att=True...h_size=48...ovlap=0.05...schd=cosine...lr=0.01\output\best_model_results.csv
2026-05-26;23-56-44;1...seq_l=128...i_att=False...t_att=True...h_size=48...ovlap=0.25...schd=cosine...lr=0.01;1;128;False;True;48;0,25;cosine;0,01;output;1;False;True;48;128;0,25;1456;34;0,0105167221045121;0,0053724348545074;0,0017147624166682;0,0053720824335786;0.00023591625;0,0053720824335786;multirun\2026-05-26\23-56-44\1...seq_l=128...i_att=False...t_att=True...h_size=48...ovlap=0.25...schd=cosine...lr=0.01\output\best_model_results.csv
2026-05-27;00-01-35;1...seq_l=128...i_att=False...t_att=True...h_size=48...ovlap=0.5...schd=cosine...lr=0.01;1;128;False;True;48;0,5;cosine;0,01;output;1;False;True;48;128;0,5;1508;25;0,0107729062438011;0,0054705701768398;0,0017674453556537;0,0055247068521566;-0.00087561936;0,0055247068521566;multirun\2026-05-27\00-01-35\1...seq_l=128...i_att=False...t_att=True...h_size=48...ovlap=0.5...schd=cosine...lr=0.01\output\best_model_results.csv
2026-05-26;20-19-14;1...seq_l=128...i_att=False...t_att=True...h_size=48...ovlap=0.0...schd=cosine...lr=0.01;1;128;False;True;48;0,0;cosine;0,01;output;1;False;True;48;128;0,0;1472;43;0,0108266925672069;0,0052626417018473;0,0018546836217865;0,0052622386978732;7.058586e-05;0,0052622386978732;multirun\2026-05-26\20-19-14\1...seq_l=128...i_att=False...t_att=True...h_size=48...ovlap=0.0...schd=cosine...lr=0.01\output\best_model_results.csv
2026-05-27;00-16-50;3...seq_l=128...i_att=False...t_att=True...h_size=48...ovlap=0.25...schd=cosine...lr=0.01;3;128;False;True;48;0,25;cosine;0,01;output;3;False;True;48;128;0,25;1480;35;0,0112288070376962;0,0058460249565541;0,001794260693714;0,0058429917235943;-0.0005220488;0,0058429917235943;multirun\2026-05-27\00-16-50\3...seq_l=128...i_att=False...t_att=True...h_size=48...ovlap=0.25...schd=cosine...lr=0.01\output\best_model_results.csv
2026-05-27;00-21-27;3...seq_l=128...i_att=False...t_att=True...h_size=48...ovlap=0.5...schd=cosine...lr=0.01;3;128;False;True;48;0,5;cosine;0,01;output;3;False;True;48;128;0,5;1468;25;0,0119085719343274;0,0060163545422255;0,0019640724640339;0,0059796195128001;-7.9088e-05;0,0059796195128001;multirun\2026-05-27\00-21-27\3...seq_l=128...i_att=False...t_att=True...h_size=48...ovlap=0.5...schd=cosine...lr=0.01\output\best_model_results.csv
2026-05-26;20-19-51;3...seq_l=128...i_att=False...t_att=True...h_size=48...ovlap=0.0...schd=cosine...lr=0.01;3;128;False;True;48;0,0;cosine;0,01;output;3;False;True;48;128;0,0;1452;42;0,0135068374220281;0,0057635018602013;0,0025811118539422;0,0057558804336521;-3.4979472e-05;0,0057558804336521;multirun\2026-05-26\20-19-51\3...seq_l=128...i_att=False...t_att=True...h_size=48...ovlap=0.0...schd=cosine...lr=0.01\output\best_model_results.csv
2026-05-27;00-23-39;4...seq_l=128...i_att=False...t_att=True...h_size=48...ovlap=0.05...schd=cosine...lr=0.01;4;128;False;True;48;0,05;cosine;0,01;output;4;False;True;48;128;0,05;1388;38;0,0179007679689675;0,0064548649825155;0,0038153009954839;0,0064950319007039;-0.00056878186;0,0064950319007039;multirun\2026-05-27\00-23-39\4...seq_l=128...i_att=False...t_att=True...h_size=48...ovlap=0.05...schd=cosine...lr=0.01\output\best_model_results.csv
2026-05-27;00-28-12;4...seq_l=128...i_att=False...t_att=True...h_size=48...ovlap=0.125...schd=cosine...lr=0.01;4;128;False;True;48;0,125;cosine;0,01;output;4;False;True;48;128;0,125;1304;35;0,0179371489211916;0,0067951856181025;0,0037139877676963;0,006829861504957;-0.0017501741;0,006829861504957;multirun\2026-05-27\00-28-12\4...seq_l=128...i_att=False...t_att=True...h_size=48...ovlap=0.125...schd=cosine...lr=0.01\output\best_model_results.csv
2026-05-26;20-19-51;4...seq_l=128...i_att=False...t_att=True...h_size=48...ovlap=0.0...schd=cosine...lr=0.01;4;128;False;True;48;0,0;cosine;0,01;output;4;False;True;48;128;0,0;1464;42;0,0210083285346627;0,0078416634351015;0,0043888883665204;0,0078484577954643;-0.0002891181;0,0078484577954643;multirun\2026-05-26\20-19-51\4...seq_l=128...i_att=False...t_att=True...h_size=48...ovlap=0.0...schd=cosine...lr=0.01\output\best_model_results.csv
2026-05-27;10-31-28;4...seq_l=128...i_att=False...t_att=True...h_size=48...ovlap=0.07...schd=cosine...lr=0.01;4;128;False;True;48;0,07;cosine;0,01;output;4;False;True;48;128;0,07;1508;41;0,0220529958605766;0,0081046260893344;0,004649456590414;0,008075382746756;-0.00040096577;0,008075382746756;multirun\2026-05-27\10-31-28\4...seq_l=128...i_att=False...t_att=True...h_size=48...ovlap=0.07...schd=cosine...lr=0.01\output\best_model_results.csv
2026-05-27;00-26-39;4...seq_l=128...i_att=False...t_att=True...h_size=48...ovlap=0.25...schd=cosine...lr=0.01;4;128;False;True;48;0,25;cosine;0,01;output;4;False;True;48;128;0,25;1300;31;0,0224443515762686;0,00830739736557;0,0047123180702328;0,0083076379007913;0.00013351228;0,0083076379007913;multirun\2026-05-27\00-26-39\4...seq_l=128...i_att=False...t_att=True...h_size=48...ovlap=0.25...schd=cosine...lr=0.01\output\best_model_results.csv
2026-05-27;00-46-32;6...seq_l=128...i_att=False...t_att=True...h_size=48...ovlap=0.125...schd=cosine...lr=0.01;6;128;False;True;48;0,125;cosine;0,01;output;6;False;True;48;128;0,125;1440;38;0,0226880232803523;0,0117739932611584;0,0036380100063979;0,0118595525622367;-0.00032949192;0,0118595525622367;multirun\2026-05-27\00-46-32\6...seq_l=128...i_att=False...t_att=True...h_size=48...ovlap=0.125...schd=cosine...lr=0.01\output\best_model_results.csv
2026-05-27;00-31-19;4...seq_l=128...i_att=False...t_att=True...h_size=48...ovlap=0.5...schd=cosine...lr=0.01;4;128;False;True;48;0,5;cosine;0,01;output;4;False;True;48;128;0,5;1400;23;0,0228787814266979;0,0084173344075679;0,0048204823397099;0,0082727745175361;0.0010504461;0,0082727745175361;multirun\2026-05-27\00-31-19\4...seq_l=128...i_att=False...t_att=True...h_size=48...ovlap=0.5...schd=cosine...lr=0.01\output\best_model_results.csv
2026-05-27;10-32-01;6...seq_l=128...i_att=False...t_att=True...h_size=48...ovlap=0.07...schd=cosine...lr=0.01;6;128;False;True;48;0,07;cosine;0,01;output;6;False;True;48;128;0,07;1468;40;0,0235589419025927;0,01208755094558;0,0038237969856709;0,0122919500805437;-0.00024132138;0,0122919500805437;multirun\2026-05-27\10-32-01\6...seq_l=128...i_att=False...t_att=True...h_size=48...ovlap=0.07...schd=cosine...lr=0.01\output\best_model_results.csv
2026-05-27;00-41-56;6...seq_l=128...i_att=False...t_att=True...h_size=48...ovlap=0.05...schd=cosine...lr=0.01;6;128;False;True;48;0,05;cosine;0,01;output;6;False;True;48;128;0,05;1496;41;0,0235913600772619;0,0120411533862352;0,0038500688970088;0,0123122959397733;-0.0009493199;0,0123122959397733;multirun\2026-05-27\00-41-56\6...seq_l=128...i_att=False...t_att=True...h_size=48...ovlap=0.05...schd=cosine...lr=0.01\output\best_model_results.csv
2026-05-27;00-51-07;6...seq_l=128...i_att=False...t_att=True...h_size=48...ovlap=0.5...schd=cosine...lr=0.01;6;128;False;True;48;0,5;cosine;0,01;output;6;False;True;48;128;0,5;1516;25;0,0241304747760295;0,0120771080255508;0,0040177889168262;0,0121791074052453;-0.00070541917;0,0121791074052453;multirun\2026-05-27\00-51-07\6...seq_l=128...i_att=False...t_att=True...h_size=48...ovlap=0.5...schd=cosine...lr=0.01\output\best_model_results.csv
2026-05-26;20-20-20;5...seq_l=128...i_att=False...t_att=True...h_size=48...ovlap=0.0...schd=cosine...lr=0.01;5;128;False;True;48;0,0;cosine;0,01;output;5;False;True;48;128;0,0;1392;40;0,0241666156798601;0,0113178342580795;0,0042829271405935;0,0113270214448372;0.00024380042;0,0113270214448372;multirun\2026-05-26\20-20-20\5...seq_l=128...i_att=False...t_att=True...h_size=48...ovlap=0.0...schd=cosine...lr=0.01\output\best_model_results.csv
2026-05-27;00-32-47;5...seq_l=128...i_att=False...t_att=True...h_size=48...ovlap=0.05...schd=cosine...lr=0.01;5;128;False;True;48;0,05;cosine;0,01;output;5;False;True;48;128;0,05;1244;34;0,0243156854994595;0,0115249389782547;0,0042635821737349;0,0117889296263456;0.0031876462;0,0117889296263456;multirun\2026-05-27\00-32-47\5...seq_l=128...i_att=False...t_att=True...h_size=48...ovlap=0.05...schd=cosine...lr=0.01\output\best_model_results.csv
2026-05-26;20-20-20;6...seq_l=128...i_att=False...t_att=True...h_size=48...ovlap=0.0...schd=cosine...lr=0.01;6;128;False;True;48;0,0;cosine;0,01;output;6;False;True;48;128;0,0;1476;43;0,0244419700466096;0,012346158735454;0,0040319371037185;0,0123787401244044;-0.00055279006;0,0123787401244044;multirun\2026-05-26\20-20-20\6...seq_l=128...i_att=False...t_att=True...h_size=48...ovlap=0.0...schd=cosine...lr=0.01\output\best_model_results.csv
2026-05-27;00-37-19;5...seq_l=128...i_att=False...t_att=True...h_size=48...ovlap=0.125...schd=cosine...lr=0.01;5;128;False;True;48;0,125;cosine;0,01;output;5;False;True;48;128;0,125;1212;32;0,0244486001320183;0,0115431193262338;0,0043018269352614;0,0115826250053942;0.0005919813;0,0115826250053942;multirun\2026-05-27\00-37-19\5...seq_l=128...i_att=False...t_att=True...h_size=48...ovlap=0.125...schd=cosine...lr=0.01\output\best_model_results.csv
2026-05-27;00-46-27;6...seq_l=128...i_att=False...t_att=True...h_size=48...ovlap=0.25...schd=cosine...lr=0.01;6;128;False;True;48;0,25;cosine;0,01;output;6;False;True;48;128;0,25;1504;35;0,0253592068329453;0,0124174337834119;0,0043139243498444;0,0124344928190112;0.00021543531;0,0124344928190112;multirun\2026-05-27\00-46-27\6...seq_l=128...i_att=False...t_att=True...h_size=48...ovlap=0.25...schd=cosine...lr=0.01\output\best_model_results.csv
2026-05-27;00-36-32;5...seq_l=128...i_att=False...t_att=True...h_size=48...ovlap=0.25...schd=cosine...lr=0.01;5;128;False;True;48;0,25;cosine;0,01;output;5;False;True;48;128;0,25;1340;32;0,0257808296009898;0,0112464781850576;0,0048447838053107;0,0112548231739889;0.0002961768;0,0112548231739889;multirun\2026-05-27\00-36-32\5...seq_l=128...i_att=False...t_att=True...h_size=48...ovlap=0.25...schd=cosine...lr=0.01\output\best_model_results.csv
2026-05-27;10-32-01;5...seq_l=128...i_att=False...t_att=True...h_size=48...ovlap=0.07...schd=cosine...lr=0.01;5;128;False;True;48;0,07;cosine;0,01;output;5;False;True;48;128;0,07;1320;36;0,0260705491527915;0,0117870513349771;0,0047611659392714;0,0118766698986291;0.0013332394;0,0118766698986291;multirun\2026-05-27\10-32-01\5...seq_l=128...i_att=False...t_att=True...h_size=48...ovlap=0.07...schd=cosine...lr=0.01\output\best_model_results.csv
2026-05-27;00-41-11;5...seq_l=128...i_att=False...t_att=True...h_size=48...ovlap=0.5...schd=cosine...lr=0.01;5;128;False;True;48;0,5;cosine;0,01;output;5;False;True;48;128;0,5;1312;22;0,0284692654386162;0,0119879459962248;0,0054937731474637;0,0121090103057213;-0.0016593465;0,0121090103057213;multirun\2026-05-27\00-41-11\5...seq_l=128...i_att=False...t_att=True...h_size=48...ovlap=0.5...schd=cosine...lr=0.01\output\best_model_results.csv
